﻿{
  "$schema": "http://json-schema.org/draft-06/schema#",
  "$id": "urn:OCPP:Cp:2:2018:4:ChangeAvailabilityRequest",
  "comment": "OCPP 2.0 - v1p0",
  "type": "object",
  "additionalProperties": true,
  "properties": {
    "evseId": {
      "type": "integer"
    },
    "operationalStatus": {
      "type": "string",
      "additionalProperties": true,
      "enum": [
        "Inoperative",
        "Operative"
      ]
    }
  },
  "required": [
    "evseId",
    "operationalStatus"
  ]
}