﻿{
  "$schema": "http://json-schema.org/draft-06/schema#",
  "$id": "urn:OCPP:Cp:2:2018:4:CustomerInformationRequest",
  "comment": "OCPP 2.0 - v1p0",
  "definitions": {
    "HashAlgorithmEnumType": {
      "type": "string",
      "additionalProperties": true,
      "enum": [
        "SHA256",
        "SHA384",
        "SHA512"
      ]
    },
    "IdTokenEnumType": {
      "type": "string",
      "additionalProperties": true,
      "enum": [
        "Central",
        "eMAID",
        "ISO14443",
        "KeyCode",
        "Local",
        "NoAuthorization",
        "ISO15693"
      ]
    },
    "AdditionalInfoType": {
      "javaType": "AdditionalInfo",
      "type": "object",
      "additionalProperties": true,
      "properties": {
        "additionalIdToken": {
          "type": "string",
          "maxLength": 36
        },
        "type": {
          "type": "string",
          "maxLength": 50
        }
      },
      "required": [
        "additionalIdToken",
        "type"
      ]
    },
    "CertificateHashDataType": {
      "javaType": "CertificateHashData",
      "type": "object",
      "additionalProperties": true,
      "properties": {
        "hashAlgorithm": {
          "$ref": "#/definitions/HashAlgorithmEnumType"
        },
        "issuerNameHash": {
          "type": "string",
          "maxLength": 128
        },
        "issuerKeyHash": {
          "type": "string",
          "maxLength": 128
        },
        "serialNumber": {
          "type": "string",
          "maxLength": 20
        }
      },
      "required": [
        "hashAlgorithm",
        "issuerNameHash",
        "issuerKeyHash",
        "serialNumber"
      ]
    },
    "IdTokenType": {
      "javaType": "IdToken",
      "type": "object",
      "additionalProperties": true,
      "properties": {
        "additionalInfo": {
          "type": "array",
          "additionalItems": false,
          "items": {
            "$ref": "#/definitions/AdditionalInfoType"
          },
          "minItems": 1
        },
        "idToken": {
          "type": "string",
          "maxLength": 36
        },
        "type": {
          "$ref": "#/definitions/IdTokenEnumType"
        }
      },
      "required": [
        "idToken",
        "type"
      ]
    }
  },
  "type": "object",
  "additionalProperties": true,
  "properties": {
    "customerCertificate": {
      "$ref": "#/definitions/CertificateHashDataType"
    },
    "idToken": {
      "$ref": "#/definitions/IdTokenType"
    },
    "requestId": {
      "type": "integer"
    },
    "report": {
      "type": "boolean"
    },
    "clear": {
      "type": "boolean"
    },
    "customerIdentifier": {
      "type": "string",
      "maxLength": 64
    }
  },
  "required": [
    "requestId",
    "report",
    "clear"
  ]
}