﻿{
  "$schema": "http://json-schema.org/draft-06/schema#",
  "$id": "urn:OCPP:Cp:2:2018:4:GetBaseReportRequest",
  "comment": "OCPP 2.0 - v1p0",
  "type": "object",
  "additionalProperties": true,
  "properties": {
    "requestId": {
      "type": "integer"
    },
    "reportBase": {
      "type": "string",
      "additionalProperties": true,
      "enum": [
        "ConfigurationInventory",
        "FullInventory",
        "SummaryInventory"
      ]
    }
  },
  "required": [
    "requestId",
    "reportBase"
  ]
}