﻿{
  "$schema": "http://json-schema.org/draft-06/schema#",
  "$id": "urn:OCPP:Cp:2:2018:4:GetCompositeScheduleRequest",
  "comment": "OCPP 2.0 - v1p0",
  "type": "object",
  "additionalProperties": true,
  "properties": {
    "duration": {
      "type": "integer"
    },
    "chargingRateUnit": {
      "type": "string",
      "additionalProperties": true,
      "enum": [
        "W",
        "A"
      ]
    },
    "evseId": {
      "type": "integer"
    }
  },
  "required": [
    "duration",
    "evseId"
  ]
}