﻿{
  "$schema": "http://json-schema.org/draft-06/schema#",
  "$id": "urn:OCPP:Cp:2:2018:4:NotifyChargingLimitRequest",
  "comment": "OCPP 2.0 - v1p0",
  "definitions": {
    "ChargingLimitSourceEnumType": {
      "type": "string",
      "additionalProperties": true,
      "enum": [
        "EMS",
        "Other",
        "SO",
        "CSO"
      ]
    },
    "ChargingRateUnitEnumType": {
      "type": "string",
      "additionalProperties": true,
      "enum": [
        "W",
        "A"
      ]
    },
    "ChargingLimitType": {
      "javaType": "ChargingLimit",
      "type": "object",
      "additionalProperties": true,
      "properties": {
        "chargingLimitSource": {
          "$ref": "#/definitions/ChargingLimitSourceEnumType"
        },
        "isGridCritical": {
          "type": "boolean"
        }
      },
      "required": [
        "chargingLimitSource"
      ]
    },
    "ChargingSchedulePeriodType": {
      "javaType": "ChargingSchedulePeriod",
      "type": "object",
      "additionalProperties": true,
      "properties": {
        "startPeriod": {
          "type": "integer"
        },
        "limit": {
          "type": "number"
        },
        "numberPhases": {
          "type": "integer"
        },
        "phaseToUse": {
          "type": "integer"
        }
      },
      "required": [
        "startPeriod",
        "limit"
      ]
    },
    "ChargingScheduleType": {
      "javaType": "ChargingSchedule",
      "type": "object",
      "additionalProperties": true,
      "properties": {
        "startSchedule": {
          "type": "string",
          "format": "date-time"
        },
        "duration": {
          "type": "integer"
        },
        "chargingRateUnit": {
          "$ref": "#/definitions/ChargingRateUnitEnumType"
        },
        "chargingSchedulePeriod": {
          "type": "array",
          "additionalItems": false,
          "items": {
            "$ref": "#/definitions/ChargingSchedulePeriodType"
          },
          "minItems": 1
        },
        "minChargingRate": {
          "type": "number"
        }
      },
      "required": [
        "chargingRateUnit",
        "chargingSchedulePeriod"
      ]
    }
  },
  "type": "object",
  "additionalProperties": true,
  "properties": {
    "chargingSchedule": {
      "type": "array",
      "additionalItems": false,
      "items": {
        "$ref": "#/definitions/ChargingScheduleType"
      },
      "minItems": 1
    },
    "evseId": {
      "type": "integer"
    },
    "chargingLimit": {
      "$ref": "#/definitions/ChargingLimitType"
    }
  },
  "required": [
    "chargingLimit"
  ]
}