﻿{
  "$schema": "http://json-schema.org/draft-06/schema#",
  "$id": "urn:OCPP:Cp:2:2018:4:NotifyMonitoringReportRequest",
  "comment": "OCPP 2.0 - v1p0",
  "definitions": {
    "MonitorEnumType": {
      "type": "string",
      "additionalProperties": true,
      "enum": [
        "UpperThreshold",
        "LowerThreshold",
        "Delta",
        "Periodic",
        "PeriodicClockAligned"
      ]
    },
    "ComponentType": {
      "javaType": "Component",
      "type": "object",
      "additionalProperties": true,
      "properties": {
        "evse": {
          "$ref": "#/definitions/EVSEType"
        },
        "name": {
          "type": "string",
          "maxLength": 50
        },
        "instance": {
          "type": "string",
          "maxLength": 50
        }
      },
      "required": [
        "name"
      ]
    },
    "EVSEType": {
      "javaType": "EVSE",
      "type": "object",
      "additionalProperties": true,
      "properties": {
        "id": {
          "type": "integer"
        },
        "connectorId": {
          "type": "integer"
        }
      },
      "required": [
        "id"
      ]
    },
    "MonitoringDataType": {
      "javaType": "MonitoringData",
      "type": "object",
      "additionalProperties": true,
      "properties": {
        "component": {
          "$ref": "#/definitions/ComponentType"
        },
        "variable": {
          "$ref": "#/definitions/VariableType"
        },
        "variableMonitoring": {
          "type": "array",
          "additionalItems": false,
          "items": {
            "$ref": "#/definitions/VariableMonitoringType"
          },
          "minItems": 1
        }
      },
      "required": [
        "component",
        "variable",
        "variableMonitoring"
      ]
    },
    "VariableMonitoringType": {
      "javaType": "VariableMonitoring",
      "type": "object",
      "additionalProperties": true,
      "properties": {
        "id": {
          "type": "integer"
        },
        "value": {
          "type": "number"
        },
        "type": {
          "$ref": "#/definitions/MonitorEnumType"
        },
        "severity": {
          "type": "integer"
        },
        "transaction": {
          "type": "boolean"
        }
      },
      "required": [
        "id",
        "value",
        "type",
        "severity",
        "transaction"
      ]
    },
    "VariableType": {
      "javaType": "Variable",
      "type": "object",
      "additionalProperties": true,
      "properties": {
        "name": {
          "type": "string",
          "maxLength": 50
        },
        "instance": {
          "type": "string",
          "maxLength": 50
        }
      },
      "required": [
        "name"
      ]
    }
  },
  "type": "object",
  "additionalProperties": true,
  "properties": {
    "monitor": {
      "type": "array",
      "additionalItems": false,
      "items": {
        "$ref": "#/definitions/MonitoringDataType"
      },
      "minItems": 1
    },
    "requestId": {
      "type": "integer"
    },
    "tbc": {
      "type": "boolean",
      "default": "false"
    },
    "seqNo": {
      "type": "integer"
    },
    "generatedAt": {
      "type": "string",
      "format": "date-time"
    }
  },
  "required": [
    "tbc",
    "seqNo",
    "generatedAt",
    "monitor"
  ]
}