﻿{
  "$schema": "http://json-schema.org/draft-06/schema#",
  "$id": "urn:OCPP:Cp:2:2018:4:ReservationStatusUpdateRequest",
  "comment": "OCPP 2.0 - v1p0",
  "type": "object",
  "additionalProperties": true,
  "properties": {
    "reservationId": {
      "type": "integer"
    },
    "reservationUpdateStatus": {
      "type": "string",
      "additionalProperties": true,
      "enum": [
        "Expired",
        "Removed"
      ]
    }
  },
  "required": [
    "reservationId",
    "reservationUpdateStatus"
  ]
}