﻿{
  "$schema": "http://json-schema.org/draft-06/schema#",
  "$id": "urn:OCPP:Cp:2:2018:4:SetDisplayMessageResponse",
  "comment": "OCPP 2.0 - v1p0",
  "type": "object",
  "additionalProperties": true,
  "properties": {
    "status": {
      "type": "string",
      "additionalProperties": true,
      "enum": [
        "Accepted",
        "NotSupportedMessageFormat",
        "Rejected",
        "NotSupportedPriority",
        "NotSupportedState",
        "UnknownTransaction"
      ]
    }
  },
  "required": [
    "status"
  ]
}