﻿{
  "$schema": "http://json-schema.org/draft-06/schema#",
  "$id": "urn:OCPP:Cp:2:2018:4:SetVariableMonitoringRequest",
  "comment": "OCPP 2.0 - v1p0",
  "definitions": {
    "MonitorEnumType": {
      "type": "string",
      "additionalProperties": true,
      "enum": [
        "UpperThreshold",
        "LowerThreshold",
        "Delta",
        "Periodic",
        "PeriodicClockAligned"
      ]
    },
    "ComponentType": {
      "javaType": "Component",
      "type": "object",
      "additionalProperties": true,
      "properties": {
        "evse": {
          "$ref": "#/definitions/EVSEType"
        },
        "name": {
          "type": "string",
          "maxLength": 50
        },
        "instance": {
          "type": "string",
          "maxLength": 50
        }
      },
      "required": [
        "name"
      ]
    },
    "EVSEType": {
      "javaType": "EVSE",
      "type": "object",
      "additionalProperties": true,
      "properties": {
        "id": {
          "type": "integer"
        },
        "connectorId": {
          "type": "integer"
        }
      },
      "required": [
        "id"
      ]
    },
    "SetMonitoringDataType": {
      "javaType": "SetMonitoringData",
      "type": "object",
      "additionalProperties": true,
      "properties": {
        "id": {
          "type": "integer"
        },
        "value": {
          "type": "number"
        },
        "type": {
          "$ref": "#/definitions/MonitorEnumType"
        },
        "severity": {
          "type": "integer"
        },
        "transaction": {
          "type": "boolean"
        },
        "component": {
          "$ref": "#/definitions/ComponentType"
        },
        "variable": {
          "$ref": "#/definitions/VariableType"
        }
      },
      "required": [
        "value",
        "type",
        "severity",
        "component",
        "variable"
      ]
    },
    "VariableType": {
      "javaType": "Variable",
      "type": "object",
      "additionalProperties": true,
      "properties": {
        "name": {
          "type": "string",
          "maxLength": 50
        },
        "instance": {
          "type": "string",
          "maxLength": 50
        }
      },
      "required": [
        "name"
      ]
    }
  },
  "type": "object",
  "additionalProperties": true,
  "properties": {
    "setMonitoringData": {
      "type": "array",
      "additionalItems": false,
      "items": {
        "$ref": "#/definitions/SetMonitoringDataType"
      },
      "minItems": 1
    }
  },
  "required": [
    "setMonitoringData"
  ]
}