﻿{
  "$schema": "http://json-schema.org/draft-06/schema#",
  "$id": "urn:OCPP:Cp:2:2018:4:Update15118EVCertificateResponse",
  "comment": "OCPP 2.0 - v1p0",
  "type": "object",
  "additionalProperties": true,
  "properties": {
    "status": {
      "type": "string",
      "additionalProperties": true,
      "enum": [
        "Accepted",
        "Failed"
      ]
    },
    "exiResponse": {
      "type": "string",
      "maxLength": 5500
    }
  },
  "required": [
    "status"
  ]
}