﻿{
  "$schema": "http://json-schema.org/draft-06/schema#",
  "$id": "urn:OCPP:Cp:1.6:2018:11:SignedFirmwareStatusNotification.req",
  "type": "object",
  "additionalProperties": false,
  "properties": {
    "status": {
      "type": "string",
      "additionalProperties": false,
      "enum": [
        "CertificateVerified",
        "Downloaded",
        "DownloadFailed",
        "Downloading",
        "DownloadScheduled",
        "DownloadPaused",
        "Idle",
        "InstallationFailed",
        "Installing",
        "Installed",
        "InstallRebooting",
        "InstallScheduled",
        "InstallVerificationFailed",
        "InvalidSignature",
        "InvalidCertificate",
        "RevokedCertificate",
        "PublishFailed",
        "SignatureVerified"
      ]
    },
    "requestId": {
      "type": "integer"
    }
  },
  "required": [
    "status",
    "requestId"
  ]
}